question,answer,department,date
How do I reset my VPN password?,Go to the IT portal and click 'Reset Credentials'. A new password is emailed within 15 minutes.,IT,2026-01-10
Can I carry forward unused leave to next year?,Up to 5 unused leave days can be carried forward into the next calendar year.,HR,2026-01-15
"What is the reimbursement limit for client dinners?","Client dinner expenses are capped at INR 3000 per person without prior approval.",Finance,2026-02-02
Who approves remote work requests longer than 3 days?,Remote work beyond 3 days per week requires Director-level approval.,HR,2026-02-10
How long does laptop replacement take if mine is damaged?,Damaged laptops are replaced within 3 business days after the ticket is raised.,IT,2026-02-18
Is there a probation period for new hires?,New hires undergo a 6-month probation period before confirmation.,HR,2026-03-01
What happens if an expense claim is submitted after 30 days?,Claims submitted after 30 days are rejected unless approved by Finance leadership.,Finance,2026-03-05
Can interns access the VPN?,Interns are granted VPN access only after their manager submits an access request form.,IT,2026-03-12
What is the daily travel allowance for domestic trips?,The daily travel allowance for domestic trips is INR 1500 for meals and incidentals.,Finance,travel
How do I raise an IT support ticket?,Raise a ticket through the internal helpdesk portal and choose the right category.,IT,it_support
How often are performance reviews conducted?,"Performance reviews happen twice a year, in July and January.",HR,performance
What is the PF contribution rate?,"Employees contribute 12% of basic salary to PF, matched by the company.",HR,benefits
How long is the wellness allowance?,"The annual wellness allowance is INR 10,000 per employee.",HR,benefits
What rating scale is used for performance reviews?,A 5 point scale from Needs Improvement to Outstanding is used.,HR,performance
How do I reset my password?,Use the self service password reset tool on the company intranet homepage.,IT,it_support
What happens if I get a low performance rating twice?,You are placed on a 60 day Performance Improvement Plan with HR and your manager.,HR,performance
Is health insurance available from day one?,"Yes, health insurance coverage starts from day one of employment.",HR,benefits
How many days in advance should I request international travel approval?,International travel requires VP level approval at least 2 weeks in advance.,Finance,travel
What is the approval limit for managers on travel expenses?,Managers can approve travel expenses up to INR 25000 per trip.,Finance,travel
How long does a new hardware request take?,Standard turnaround for new hardware requests is 5 business days.,IT,it_support
Can I appeal my performance rating?,"Yes, you can file an appeal with HR within 10 business days of receiving your review.",HR,performance
What is required for devices used for work?,"Company laptops must have full disk encryption enabled, and personal devices need the MDM agent installed.",IT,it_security
Who do I report a lost laptop to?,Report it to security@company.com within 2 hours of discovering it is lost.,IT,it_security
